{
  "participante": "cgb-go-v1",
  "total_liquido": 309203.215,
  "total_bruto": 332708.1,
  "total_taxas": 23504.885,
  "descricao": "'total_liquido' é sua pontuação final. Equivale ao seu lucro. Fórmula: total_liquido + (total_liquido * p99.bonus) - (total_liquido * multa.porcentagem)",
  "p99": {
    "valor": "37.63ms",
    "bonus": "0%",
    "max_requests": "550",
    "descricao": "Fórmula para o bônus: max((11 - p99.valor) * 0.02, 0)"
  },
  "multa": {
    "porcentagem": 0,
    "total": 0,
    "composicao": {
      "num_inconsistencias": 0,
      "descricao": "Se 'num_inconsistencias' > 0, há multa de 35%."
    }
  },
  "caixa_dois": {
    "detectado": false,
    "descricao": "Se 'lag' for negativo, significa que seu backend registrou mais pagamentos do que solicitado, automaticamente desclassificando sua submissão!"
  },
  "lag": {
    "num_pagamentos_total": 16719,
    "num_pagamentos_solicitados": 16719,
    "lag": 0,
    "descricao": "Lag é a diferença entre a quantidade de solicitações de pagamentos e o que foi realmente computado pelo backend. Mostra a perda de pagamentos possivelmente por estarem enfileirados."
  },
  "pagamentos_solicitados": {
    "qtd_sucesso": 16719,
    "qtd_falha": 0,
    "descricao": "'qtd_sucesso' foram requests bem sucedidos para 'POST /payments' e 'qtd_falha' os requests com erro."
  },
  "pagamentos_realizados_default": {
    "total_bruto": 264013.3,
    "num_pagamentos": 13267,
    "total_taxas": 13200.665,
    "descricao": "Informações do backend sobre solicitações de pagamento para o Payment Processor Default."
  },
  "pagamentos_realizados_fallback": {
    "total_bruto": 68694.8,
    "num_pagamentos": 3452,
    "total_taxas": 10304.22,
    "descricao": "Informações do backend sobre solicitações de pagamento para o Payment Processor Fallback."
  }
}