{
  "participante": "carlosqsilva-go",
  "total_liquido": 201736.314,
  "total_bruto": 331446.96,
  "total_taxas": 21083.4,
  "descricao": "'total_liquido' é sua pontuação final. Equivale ao seu lucro. Fórmula: total_liquido + (total_liquido * p99.bonus) - (total_liquido * multa.porcentagem)",
  "p99": {
    "valor": "68.62ms",
    "bonus": "0%",
    "max_requests": "550",
    "descricao": "Fórmula para o bônus: max((11 - p99.valor) * 0.02, 0)"
  },
  "multa": {
    "porcentagem": 0.35,
    "total": 108627.246,
    "composicao": {
      "num_inconsistencias": 2651,
      "descricao": "Se 'num_inconsistencias' > 0, há multa de 35%."
    }
  },
  "caixa_dois": {
    "detectado": false,
    "descricao": "Se 'lag' for negativo, significa que seu backend registrou mais pagamentos do que solicitado, automaticamente desclassificando sua submissão!"
  },
  "lag": {
    "num_pagamentos_total": 16664,
    "num_pagamentos_solicitados": 16664,
    "lag": 0,
    "descricao": "Lag é a diferença entre a quantidade de solicitações de pagamentos e o que foi realmente computado pelo backend. Mostra a perda de pagamentos possivelmente por estarem enfileirados."
  },
  "pagamentos_solicitados": {
    "qtd_sucesso": 16664,
    "qtd_falha": 0,
    "descricao": "'qtd_sucesso' foram requests bem sucedidos para 'POST /payments' e 'qtd_falha' os requests com erro."
  },
  "pagamentos_realizados_default": {
    "total_bruto": 286336.44,
    "num_pagamentos": 14396,
    "total_taxas": 14316.822,
    "descricao": "Informações do backend sobre solicitações de pagamento para o Payment Processor Default."
  },
  "pagamentos_realizados_fallback": {
    "total_bruto": 45110.52,
    "num_pagamentos": 2268,
    "total_taxas": 6766.578,
    "descricao": "Informações do backend sobre solicitações de pagamento para o Payment Processor Fallback."
  }
}