{
  "timestamp": "2025-08-20T22:53:44.871Z",
  "participante": "caiodgallo-go",
  "total_liquido": 117188.40441,
  "total_bruto": 163648.1,
  "total_taxas": 11455.367,
  "descricao": "'total_liquido' é sua pontuação final. Equivale ao seu lucro. Fórmula: total_liquido + (total_liquido * p99.bonus) - (total_liquido * multa.porcentagem)",
  "p99": {
    "valor": "4.95ms",
    "bonus": "12%",
    "max_requests": "603",
    "descricao": "Fórmula para o bônus: max((11 - p99.valor) * 0.02, 0)"
  },
  "multa": {
    "porcentagem": 0.35,
    "total": 53267.45655,
    "composicao": {
      "num_inconsistencias": 1,
      "descricao": "Se 'num_inconsistencias' > 0, há multa de 35%."
    }
  },
  "caixa_dois": {
    "detectado": false,
    "descricao": "Se 'lag' for negativo, significa que seu backend registrou mais pagamentos do que solicitado, automaticamente desclassificando sua submissão!"
  },
  "lag": {
    "num_pagamentos_total": 8162,
    "num_pagamentos_solicitados": 15764,
    "lag": 7602,
    "descricao": "Lag é a diferença entre a quantidade de solicitações de pagamentos e o que foi realmente computado pelo backend. Mostra a perda de pagamentos possivelmente por estarem enfileirados."
  },
  "pagamentos_solicitados": {
    "qtd_sucesso": 15764,
    "qtd_falha": 74809,
    "descricao": "'qtd_sucesso' foram requests bem sucedidos para 'POST /payments' e 'qtd_falha' os requests com erro."
  },
  "pagamentos_realizados_default": {
    "total_bruto": 163648.1,
    "num_pagamentos": 8162,
    "total_taxas": 11455.367,
    "descricao": "Informações do backend sobre solicitações de pagamento para o Payment Processor Default."
  },
  "pagamentos_realizados_fallback": {
    "total_bruto": 0,
    "num_pagamentos": 0,
    "total_taxas": 0,
    "descricao": "Informações do backend sobre solicitações de pagamento para o Payment Processor Fallback."
  }
}